{"cameraMode":{"drawMode":0,"name":"Shaded","section":"Shading Mode"},"sceneLighting":true,"audioPlay":false,"sceneViewState":{"m_AlwaysRefresh":false,"showFog":true,"showSkybox":true,"showFlares":true,"showImageEffects":true,"showParticleSystems":true,"showVisualEffectGraphs":true,"m_FxEnabled":true},"in2DMode":false,"pivot":{"x":25.225330352783204,"y":12.366536140441895,"z":22.393573760986329},"rotation":{"x":0.20251110196113587,"y":-0.37175899744033816,"z":0.08342812955379486,"w":0.9021458625793457},"size":7.040031433105469,"orthographic":false}